episode,timestamp,total_reward,ticks_survived,termination_reason,speed_multiplier,learning_rate,entropy_coeff,hidden_size
1,16:56:01,-6.50,520,Terminated (1),9.0,0.0001,0.01,256
2,16:56:01,-3.00,540,Terminated (2),9.0,0.0001,0.01,256
3,16:56:01,0.50,560,Terminated (3),9.0,0.0001,0.01,256
4,16:56:01,4.00,580,Terminated (4),9.0,0.0001,0.01,256
5,16:56:01,7.50,600,Terminated (5),9.0,0.0001,0.01,256
6,16:56:01,11.00,620,Terminated (6),9.0,0.0001,0.01,256
7,16:56:01,14.50,640,Terminated (7),9.0,0.0001,0.01,256
8,16:56:01,18.00,660,Terminated (8),9.0,0.0001,0.01,256
9,16:56:01,21.50,680,Terminated (9),9.0,0.0001,0.01,256
10,16:56:01,25.00,700,Terminated (10),9.0,0.0001,0.01,256
11,16:56:01,28.50,720,Terminated (11),9.0,0.0001,0.01,256
12,16:56:01,32.00,740,Terminated (12),9.0,0.0001,0.01,256
13,16:56:01,35.50,760,Terminated (13),9.0,0.0001,0.01,256
14,16:56:01,39.00,780,Terminated (14),9.0,0.0001,0.01,256
15,16:56:01,42.50,800,Terminated (15),9.0,0.0001,0.01,256
1,18:39:22,-1.00,600,Max Ticks (600),9.0,0.0001,0.01,256
2,18:39:22,3.00,600,Max Ticks (600),9.0,0.0001,0.01,256
3,18:39:22,7.00,600,Max Ticks (600),9.0,0.0001,0.01,256
4,18:39:22,11.00,600,Max Ticks (600),9.0,0.0001,0.01,256
5,18:39:22,15.00,600,Max Ticks (600),9.0,0.0001,0.01,256
6,18:39:22,19.00,600,Max Ticks (600),9.0,0.0001,0.01,256
7,18:39:22,23.00,600,Max Ticks (600),9.0,0.0001,0.01,256
8,18:39:22,27.00,600,Max Ticks (600),9.0,0.0001,0.01,256
9,18:39:22,31.00,600,Max Ticks (600),9.0,0.0001,0.01,256
1,08:35:28,31.65,1000,Max Ticks (1000),9.0,0.0001,0.01,256
2,08:35:43,35.70,696,Perished (HP:-3),9.0,0.0001,0.01,256
3,08:36:00,117.80,1000,Max Ticks (1000),9.0,0.0001,0.01,256
4,08:36:18,138.65,1000,Max Ticks (1000),9.0,0.0001,0.01,256
5,08:36:35,87.70,1000,Max Ticks (1000),9.0,0.0001,0.01,256
6,08:36:52,136.75,1000,Max Ticks (1000),9.0,0.0001,0.01,256
7,08:37:01,33.85,528,Perished (HP:-1),9.0,0.0001,0.01,256
8,08:37:14,39.45,726,Perished (HP:-1),9.0,0.0001,0.01,256
9,08:37:27,106.90,720,Perished (HP:0),9.0,0.0001,0.01,256
10,08:37:44,155.35,1000,Max Ticks (1000),9.0,0.0001,0.01,256
11,08:38:04,148.20,995,Perished (HP:0),9.0,0.0001,0.01,256
12,08:38:21,194.10,1000,Max Ticks (1000),9.0,0.0001,0.01,256
13,08:38:37,146.95,879,Perished (HP:-2),9.0,0.0001,0.01,256
14,08:38:47,96.05,628,Perished (HP:0),9.0,0.0001,0.01,256
15,08:39:05,156.50,1000,Max Ticks (1000),9.0,0.0001,0.01,256
16,08:39:20,129.30,828,Perished (HP:-1),9.0,0.0001,0.01,256
17,08:39:29,99.25,531,Perished (HP:0),9.0,0.0001,0.01,256
18,08:39:46,161.45,1000,Max Ticks (1000),9.0,0.0001,0.01,256
19,08:40:04,119.55,1000,Max Ticks (1000),9.0,0.0001,0.01,256
20,08:40:07,27.70,181,Perished (HP:-1),9.0,0.0001,0.01,256
20,08:40:07,27.70,181,Perished (HP:-1),9.0,0.0001,0.01,256
1,16:54:17,24.70,100,Max Ticks (100),2.0,0.0001,0.01,256
2,16:54:18,43.15,100,Max Ticks (100),2.0,0.0001,0.01,256
3,16:54:20,19.65,100,Max Ticks (100),2.0,0.0001,0.01,256
4,16:54:22,21.90,100,Max Ticks (100),2.0,0.0001,0.01,256
5,16:54:24,42.05,100,Max Ticks (100),2.0,0.0001,0.01,256
6,16:54:26,48.55,100,Max Ticks (100),2.0,0.0001,0.01,256
7,16:54:28,33.15,100,Max Ticks (100),2.0,0.0001,0.01,256
8,16:54:30,26.00,100,Max Ticks (100),2.0,0.0001,0.01,256
9,16:54:32,31.10,100,Max Ticks (100),2.0,0.0001,0.01,256
10,16:54:33,33.95,100,Max Ticks (100),2.0,0.0001,0.01,256
11,16:54:35,30.70,100,Max Ticks (100),2.0,0.0001,0.01,256
12,16:54:37,42.10,100,Max Ticks (100),2.0,0.0001,0.01,256
13,16:54:39,27.60,100,Max Ticks (100),2.0,0.0001,0.01,256
14,16:54:42,31.10,100,Max Ticks (100),2.0,0.0001,0.01,256
15,16:54:44,33.00,100,Max Ticks (100),2.0,0.0001,0.01,256
16,16:54:46,38.70,100,Max Ticks (100),2.0,0.0001,0.01,256
17,16:54:48,20.60,100,Max Ticks (100),2.0,0.0001,0.01,256
18,16:54:50,26.80,100,Max Ticks (100),2.0,0.0001,0.01,256
19,16:54:52,25.85,100,Max Ticks (100),2.0,0.0001,0.01,256
20,16:54:54,16.05,100,Max Ticks (100),2.0,0.0001,0.01,256
1,10:45:15,39.80,420,Perished (HP:-6),9.0,5e-05,0.01,256
2,10:45:27,69.05,699,Perished (HP:-8),9.0,5e-05,0.01,256
3,10:45:33,50.00,388,Perished (HP:-1),9.0,5e-05,0.01,256
4,10:45:42,46.35,498,Perished (HP:-6),9.0,5e-05,0.01,256
5,10:45:48,22.40,370,Perished (HP:-3),9.0,5e-05,0.01,256
6,10:46:01,52.45,695,Perished (HP:-2),9.0,5e-05,0.01,256
7,10:46:19,99.45,1000,Max Ticks (1000),9.0,5e-05,0.01,256
8,10:46:37,134.40,1000,Max Ticks (1000),9.0,5e-05,0.01,256
9,10:46:54,120.50,1000,Max Ticks (1000),9.0,5e-05,0.01,256
10,10:47:12,109.85,1000,Max Ticks (1000),9.0,5e-05,0.01,256
11,10:47:22,58.65,541,Perished (HP:-1),9.0,5e-05,0.01,256
12,10:47:39,112.40,1000,Max Ticks (1000),9.0,5e-05,0.01,256
13,10:47:57,120.85,1000,Max Ticks (1000),9.0,5e-05,0.01,256
14,10:48:15,94.65,1000,Max Ticks (1000),9.0,5e-05,0.01,256
15,10:48:33,85.25,1000,Max Ticks (1000),9.0,5e-05,0.01,256
16,10:48:40,51.70,421,Perished (HP:-1),9.0,5e-05,0.01,256
17,10:48:58,110.40,1000,Max Ticks (1000),9.0,5e-05,0.01,256
18,10:49:15,79.70,1000,Max Ticks (1000),9.0,5e-05,0.01,256
19,10:49:33,139.25,1000,Max Ticks (1000),9.0,5e-05,0.01,256
20,10:49:50,125.15,1000,Max Ticks (1000),9.0,5e-05,0.01,256
20,10:49:50,125.15,1000,Max Ticks (1000),9.0,5e-05,0.01,256
20,10:49:50,125.15,1000,Max Ticks (1000),9.0,5e-05,0.01,256
20,10:49:50,125.15,1000,Max Ticks (1000),9.0,5e-05,0.01,256
1,10:52:34,8.00,1000,Max Ticks (1000),8.0,0.0005,0.01,256
2,10:52:52,87.25,1000,Max Ticks (1000),8.0,0.0005,0.01,256
3,10:53:10,151.10,1000,Max Ticks (1000),8.0,0.0005,0.01,256
4,10:53:28,109.65,852,Perished (HP:0),8.0,0.0005,0.01,256
5,10:53:47,128.35,1000,Max Ticks (1000),8.0,0.0005,0.01,256
6,10:54:06,134.40,1000,Max Ticks (1000),8.0,0.0005,0.01,256
7,10:54:24,94.45,1000,Max Ticks (1000),8.0,0.0005,0.01,256
8,10:54:38,96.80,795,Perished (HP:0),8.0,0.0005,0.01,256
9,10:55:03,191.75,1000,Max Ticks (1000),8.0,0.0005,0.01,256
10,10:55:27,176.85,1000,Max Ticks (1000),8.0,0.0005,0.01,256
11,10:55:47,210.70,1000,Max Ticks (1000),8.0,0.0005,0.01,256
12,10:56:08,212.20,1000,Max Ticks (1000),8.0,0.0005,0.01,256
13,10:56:28,201.55,1000,Max Ticks (1000),8.0,0.0005,0.01,256
14,10:56:49,166.30,1000,Max Ticks (1000),8.0,0.0005,0.01,256
15,10:57:10,151.00,1000,Max Ticks (1000),8.0,0.0005,0.01,256
16,10:57:33,192.60,1000,Max Ticks (1000),8.0,0.0005,0.01,256
17,10:57:53,159.45,1000,Max Ticks (1000),8.0,0.0005,0.01,256
18,10:58:13,127.80,1000,Max Ticks (1000),8.0,0.0005,0.01,256
19,10:58:29,112.15,834,Perished (HP:0),8.0,0.0005,0.01,256
20,10:58:37,73.65,426,Perished (HP:0),8.0,0.0005,0.01,256
21,10:59:01,129.55,1000,Max Ticks (1000),8.0,0.0005,0.01,256
22,10:59:28,118.95,1000,Max Ticks (1000),8.0,0.0005,0.01,256
23,10:59:55,166.40,1000,Max Ticks (1000),8.0,0.0005,0.01,256
24,11:00:20,128.55,1000,Max Ticks (1000),8.0,0.0005,0.01,256
25,11:00:49,172.95,1000,Max Ticks (1000),8.0,0.0005,0.01,256
26,11:01:05,116.65,641,Perished (HP:0),8.0,0.0005,0.01,256
27,11:01:34,139.30,1000,Max Ticks (1000),8.0,0.0005,0.01,256
28,11:02:00,117.45,1000,Max Ticks (1000),8.0,0.0005,0.01,256
29,11:02:26,112.35,1000,Max Ticks (1000),8.0,0.0005,0.01,256
30,11:02:34,54.30,418,Perished (HP:-2),8.0,0.0005,0.01,256
31,11:02:59,105.35,1000,Max Ticks (1000),8.0,0.0005,0.01,256
32,11:03:22,98.70,1000,Max Ticks (1000),8.0,0.0005,0.01,256
33,11:03:45,90.85,1000,Perished (HP:0),8.0,0.0005,0.01,256
34,11:04:02,82.25,791,Perished (HP:-2),8.0,0.0005,0.01,256
35,11:04:25,89.20,1000,Max Ticks (1000),8.0,0.0005,0.01,256
36,11:04:49,110.75,1000,Max Ticks (1000),8.0,0.0005,0.01,256
37,11:05:14,129.10,1000,Max Ticks (1000),8.0,0.0005,0.01,256
38,11:05:37,122.95,1000,Max Ticks (1000),8.0,0.0005,0.01,256
39,11:06:00,114.80,1000,Max Ticks (1000),8.0,0.0005,0.01,256
40,11:06:16,83.55,745,Perished (HP:0),8.0,0.0005,0.01,256
41,11:06:26,63.95,571,Perished (HP:0),8.0,0.0005,0.01,256
42,11:06:53,91.55,1000,Max Ticks (1000),8.0,0.0005,0.01,256
43,11:07:16,76.35,1000,Max Ticks (1000),8.0,0.0005,0.01,256
44,11:07:40,101.40,1000,Max Ticks (1000),8.0,0.0005,0.01,256
45,11:08:02,86.45,1000,Max Ticks (1000),8.0,0.0005,0.01,256
46,11:08:23,50.20,1000,Max Ticks (1000),8.0,0.0005,0.01,256
47,11:08:48,96.85,1000,Max Ticks (1000),8.0,0.0005,0.01,256
48,11:09:12,47.95,1000,Max Ticks (1000),8.0,0.0005,0.01,256
49,11:09:37,80.50,1000,Max Ticks (1000),8.0,0.0005,0.01,256
50,11:10:05,105.50,1000,Max Ticks (1000),8.0,0.0005,0.01,256
51,11:10:31,119.65,1000,Max Ticks (1000),8.0,0.0005,0.01,256
52,11:11:00,111.00,1000,Max Ticks (1000),8.0,0.0005,0.01,256
53,11:11:12,61.85,537,Perished (HP:0),8.0,0.0005,0.01,256
54,11:11:40,122.40,1000,Max Ticks (1000),8.0,0.0005,0.01,256
55,11:12:19,156.50,1000,Max Ticks (1000),8.0,0.0005,0.01,256
56,11:12:55,165.00,1000,Max Ticks (1000),8.0,0.0005,0.01,256
57,11:13:28,130.95,1000,Max Ticks (1000),8.0,0.0005,0.01,256
58,11:13:46,103.30,603,Perished (HP:0),8.0,0.0005,0.01,256
59,11:14:20,187.35,1000,Max Ticks (1000),8.0,0.0005,0.01,256
60,11:14:55,140.25,1000,Max Ticks (1000),8.0,0.0005,0.01,256
1,02:44:57,-34.40,611,Perished (HP:-3),8.0,0.0005,0.01,256
2,02:45:17,5.35,1000,Max Ticks (1000),8.0,0.0005,0.01,256
3,02:45:38,35.10,1000,Max Ticks (1000),8.0,0.0005,0.01,256
4,02:45:54,37.65,822,Perished (HP:0),8.0,0.0005,0.01,256
5,02:45:58,2.50,208,Perished (HP:0),8.0,0.0005,0.01,256
6,02:46:16,41.10,975,Perished (HP:-4),8.0,0.0005,0.01,256
7,02:46:36,8.80,989,Perished (HP:0),8.0,0.0005,0.01,256
8,02:46:57,89.60,1000,Max Ticks (1000),8.0,0.0005,0.01,256
9,02:47:19,96.90,1000,Max Ticks (1000),8.0,0.0005,0.01,256
10,02:47:36,156.80,1000,Max Ticks (1000),8.0,0.0005,0.01,256
11,02:47:50,44.85,763,Perished (HP:0),8.0,0.0005,0.01,256
12,02:48:09,87.30,1000,Max Ticks (1000),8.0,0.0005,0.01,256
13,02:48:28,125.45,1000,Max Ticks (1000),8.0,0.0005,0.01,256
14,02:48:54,139.80,1000,Max Ticks (1000),8.0,0.0005,0.01,256
15,02:49:18,136.80,1000,Max Ticks (1000),8.0,0.0005,0.01,256
16,02:49:46,160.70,1000,Max Ticks (1000),8.0,0.0005,0.01,256
17,02:50:04,108.20,1000,Max Ticks (1000),8.0,0.0005,0.01,256
18,02:50:24,201.90,1000,Max Ticks (1000),8.0,0.0005,0.01,256
19,02:50:42,161.60,1000,Max Ticks (1000),8.0,0.0005,0.01,256
20,02:51:01,123.15,1000,Max Ticks (1000),8.0,0.0005,0.01,256
21,02:51:23,211.50,1000,Max Ticks (1000),8.0,0.0005,0.01,256
22,02:51:46,217.60,1000,Max Ticks (1000),8.0,0.0005,0.01,256
23,02:52:13,234.95,1000,Max Ticks (1000),8.0,0.0005,0.01,256
24,02:52:32,124.70,1000,Max Ticks (1000),8.0,0.0005,0.01,256
25,02:52:51,161.80,1000,Max Ticks (1000),8.0,0.0005,0.01,256
26,02:53:02,60.30,618,Perished (HP:-8),8.0,0.0005,0.01,256
27,02:53:22,180.70,1000,Max Ticks (1000),8.0,0.0005,0.01,256
28,02:53:45,170.05,1000,Max Ticks (1000),8.0,0.0005,0.01,256
29,02:54:05,158.30,1000,Max Ticks (1000),8.0,0.0005,0.01,256
30,02:54:26,136.00,1000,Max Ticks (1000),8.0,0.0005,0.01,256
31,02:54:44,101.65,1000,Max Ticks (1000),8.0,0.0005,0.01,256
32,02:55:03,113.25,1000,Max Ticks (1000),8.0,0.0005,0.01,256
33,02:55:22,75.10,1000,Max Ticks (1000),8.0,0.0005,0.01,256
34,02:55:41,98.05,1000,Max Ticks (1000),8.0,0.0005,0.01,256
35,02:56:01,107.25,1000,Max Ticks (1000),8.0,0.0005,0.01,256
36,02:56:21,105.45,1000,Max Ticks (1000),8.0,0.0005,0.01,256
37,02:56:40,60.10,1000,Max Ticks (1000),8.0,0.0005,0.01,256
38,02:57:00,111.25,1000,Max Ticks (1000),8.0,0.0005,0.01,256
39,02:57:18,30.05,959,Perished (HP:0),8.0,0.0005,0.01,256
40,02:57:32,23.80,529,Perished (HP:0),8.0,0.0005,0.01,256
41,02:57:56,105.35,1000,Max Ticks (1000),8.0,0.0005,0.01,256
42,02:58:29,127.05,1000,Max Ticks (1000),8.0,0.0005,0.01,256
43,02:59:03,124.15,1000,Max Ticks (1000),8.0,0.0005,0.01,256
44,02:59:24,112.65,1000,Max Ticks (1000),8.0,0.0005,0.01,256
45,02:59:37,65.10,719,Perished (HP:-4),8.0,0.0005,0.01,256
46,02:59:57,86.65,1000,Max Ticks (1000),8.0,0.0005,0.01,256
47,03:00:11,20.50,753,Perished (HP:-2),8.0,0.0005,0.01,256
48,03:00:31,91.70,1000,Max Ticks (1000),8.0,0.0005,0.01,256
49,03:00:52,113.25,1000,Max Ticks (1000),8.0,0.0005,0.01,256
50,03:01:08,133.50,856,Perished (HP:-2),8.0,0.0005,0.01,256
51,03:01:30,121.05,1000,Max Ticks (1000),8.0,0.0005,0.01,256
52,03:01:53,134.10,1000,Max Ticks (1000),8.0,0.0005,0.01,256
53,03:02:15,144.15,1000,Max Ticks (1000),8.0,0.0005,0.01,256
54,03:02:36,105.00,1000,Max Ticks (1000),8.0,0.0005,0.01,256
55,03:02:57,121.25,1000,Max Ticks (1000),8.0,0.0005,0.01,256
56,03:03:19,101.45,1000,Max Ticks (1000),8.0,0.0005,0.01,256
57,03:03:38,117.95,1000,Max Ticks (1000),8.0,0.0005,0.01,256
58,03:03:59,142.50,1000,Max Ticks (1000),8.0,0.0005,0.01,256
59,03:04:19,129.15,1000,Max Ticks (1000),8.0,0.0005,0.01,256
60,03:04:41,137.35,1000,Max Ticks (1000),8.0,0.0005,0.01,256
1,10:14:15,32.50,1034,Perished (HP:-2),8.0,0.0001,0.002,256
2,10:14:47,192.00,1483,Perished (HP:0),8.0,0.0001,0.002,256
3,10:14:56,84.05,505,Perished (HP:-1),8.0,0.0001,0.002,256
4,10:15:31,210.75,1447,Perished (HP:-1),8.0,0.0001,0.002,256
5,10:17:03,55.85,2225,Perished (HP:0),8.0,0.0001,0.002,256
6,10:17:50,-2.10,2095,Perished (HP:-4),8.0,0.0001,0.002,256
7,10:18:46,62.30,1950,Perished (HP:0),8.0,0.0001,0.002,256
8,10:19:46,217.85,1978,Perished (HP:-2),8.0,0.0001,0.002,256
9,10:21:46,218.25,2910,Perished (HP:0),8.0,0.0001,0.002,256
10,10:23:43,406.65,2808,Perished (HP:-4),8.0,0.0001,0.002,256
11,10:24:41,522.50,2258,Perished (HP:-4),8.0,0.0001,0.002,256
12,10:27:49,613.90,4000,Max Ticks (4000),8.0,0.0001,0.002,256
13,10:29:47,921.80,4000,Max Ticks (4000),8.0,0.0001,0.002,256
14,10:30:46,367.85,2538,Perished (HP:0),8.0,0.0001,0.002,256
15,10:31:22,346.50,1841,Perished (HP:-6),8.0,0.0001,0.002,256
16,10:31:47,164.85,1297,Perished (HP:-1),8.0,0.0001,0.002,256
17,10:32:35,215.15,2130,Perished (HP:0),8.0,0.0001,0.002,256
18,10:33:05,159.15,1272,Perished (HP:-1),8.0,0.0001,0.002,256
19,10:33:44,111.20,1836,Perished (HP:0),8.0,0.0001,0.002,256
20,10:34:00,61.35,907,Perished (HP:0),8.0,0.0001,0.002,256
21,10:34:25,45.00,1279,Perished (HP:-1),8.0,0.0001,0.002,256
22,10:34:44,64.95,1015,Perished (HP:-3),8.0,0.0001,0.002,256
23,10:35:11,156.25,1393,Perished (HP:-3),8.0,0.0001,0.002,256
24,10:35:31,156.90,1140,Perished (HP:0),8.0,0.0001,0.002,256
25,10:35:51,94.40,1052,Perished (HP:-2),8.0,0.0001,0.002,256
26,10:36:09,41.95,856,Perished (HP:-1),8.0,0.0001,0.002,256
27,10:36:48,124.65,1550,Perished (HP:-1),8.0,0.0001,0.002,256
28,10:37:44,183.70,2476,Perished (HP:-2),8.0,0.0001,0.002,256
29,10:39:22,380.60,3408,Perished (HP:-2),8.0,0.0001,0.002,256
30,10:41:05,306.05,3930,Perished (HP:0),8.0,0.0001,0.002,256
31,10:43:24,357.55,4000,Max Ticks (4000),8.0,0.0001,0.002,256
32,10:43:40,22.10,761,Perished (HP:-2),8.0,0.0001,0.002,256
33,10:44:11,93.45,1449,Perished (HP:-4),8.0,0.0001,0.002,256
34,10:44:42,78.35,1396,Perished (HP:-1),8.0,0.0001,0.002,256
35,10:45:35,153.85,1980,Perished (HP:0),8.0,0.0001,0.002,256
36,10:46:59,237.25,3150,Perished (HP:0),8.0,0.0001,0.002,256
37,10:48:58,305.15,4000,Max Ticks (4000),8.0,0.0001,0.002,256
38,10:50:47,439.25,4000,Max Ticks (4000),8.0,0.0001,0.002,256
39,10:53:06,199.50,4000,Max Ticks (4000),8.0,0.0001,0.002,256
40,10:54:09,150.00,2516,Perished (HP:-1),8.0,0.0001,0.002,256
41,10:56:13,431.45,4000,Max Ticks (4000),8.0,0.0001,0.002,256
42,10:56:42,33.15,1256,Perished (HP:-5),8.0,0.0001,0.002,256
43,10:57:05,28.40,1022,Perished (HP:-2),8.0,0.0001,0.002,256
44,10:58:35,170.90,3030,Perished (HP:0),8.0,0.0001,0.002,256
45,10:59:51,155.30,2636,Perished (HP:0),8.0,0.0001,0.002,256
46,11:01:31,261.85,3300,Perished (HP:0),8.0,0.0001,0.002,256
47,11:02:09,97.05,1586,Perished (HP:-2),8.0,0.0001,0.002,256
48,11:02:25,12.45,687,Perished (HP:-2),8.0,0.0001,0.002,256
49,11:03:21,64.50,2108,Perished (HP:-5),8.0,0.0001,0.002,256
50,11:03:54,46.85,1223,Perished (HP:0),8.0,0.0001,0.002,256
51,11:04:54,137.70,2028,Perished (HP:0),8.0,0.0001,0.002,256
52,11:06:36,73.55,2310,Perished (HP:0),8.0,0.0001,0.002,256
53,11:07:53,162.50,2400,Perished (HP:0),8.0,0.0001,0.002,256
54,11:10:38,19.40,4000,Max Ticks (4000),8.0,0.0001,0.002,256
55,11:12:46,199.90,2850,Perished (HP:0),8.0,0.0001,0.002,256
56,11:13:02,69.70,731,Perished (HP:-2),8.0,0.0001,0.002,256
57,11:13:30,140.25,1273,Perished (HP:-1),8.0,0.0001,0.002,256
58,11:13:46,87.30,778,Perished (HP:-2),8.0,0.0001,0.002,256
59,11:14:38,240.55,2190,Perished (HP:0),8.0,0.0001,0.002,256
60,11:14:49,56.65,534,Perished (HP:0),8.0,0.0001,0.002,256
1,13:29:20,175.45,2000,Max Ticks (2000),8.0,0.0001,0.002,256
2,13:29:30,74.20,956,Perished (HP:-5),8.0,0.0001,0.002,256
3,13:29:33,23.00,428,Perished (HP:0),8.0,0.0001,0.002,256
4,13:29:43,116.50,980,Perished (HP:-1),8.0,0.0001,0.002,256
5,13:29:55,174.35,1023,Perished (HP:-1),8.0,0.0001,0.002,256
6,13:30:35,320.00,2000,Max Ticks (2000),8.0,0.0001,0.002,256
7,13:30:42,127.55,765,Perished (HP:-2),8.0,0.0001,0.002,256
8,13:31:06,214.00,1400,Perished (HP:-1),8.0,0.0001,0.002,256
9,13:31:18,174.35,1007,Perished (HP:-2),8.0,0.0001,0.002,256
10,13:31:23,122.70,704,Perished (HP:0),8.0,0.0001,0.002,256
11,13:31:30,145.10,708,Perished (HP:0),8.0,0.0001,0.002,256
12,13:31:44,202.15,1150,Perished (HP:-4),8.0,0.0001,0.002,256
13,13:31:51,135.20,688,Perished (HP:0),8.0,0.0001,0.002,256
14,13:32:12,240.75,1256,Perished (HP:0),8.0,0.0001,0.002,256
15,13:32:20,161.20,738,Perished (HP:0),8.0,0.0001,0.002,256
16,13:32:36,221.75,1131,Perished (HP:-10),8.0,0.0001,0.002,256
17,13:32:57,270.65,1180,Perished (HP:0),8.0,0.0001,0.002,256
18,13:33:05,149.25,766,Perished (HP:0),8.0,0.0001,0.002,256
19,13:33:13,145.75,779,Perished (HP:0),8.0,0.0001,0.002,256
20,13:33:21,139.60,766,Perished (HP:-10),8.0,0.0001,0.002,256
21,13:34:16,124.10,2000,Max Ticks (2000),8.0,0.0001,0.002,256
22,13:34:29,150.60,1021,Perished (HP:-1),8.0,0.0001,0.002,256
23,13:34:42,92.20,1060,Perished (HP:0),8.0,0.0001,0.002,256
24,13:34:49,105.30,714,Perished (HP:-3),8.0,0.0001,0.002,256
25,13:35:05,116.00,1133,Perished (HP:-8),8.0,0.0001,0.002,256
26,13:35:19,109.95,1108,Perished (HP:0),8.0,0.0001,0.002,256
27,13:36:01,171.90,1745,Perished (HP:0),8.0,0.0001,0.002,256
28,13:36:34,101.25,1740,Perished (HP:0),8.0,0.0001,0.002,256
29,13:36:42,56.30,786,Perished (HP:0),8.0,0.0001,0.002,256
30,13:36:49,71.25,760,Perished (HP:0),8.0,0.0001,0.002,256
31,13:37:12,83.65,1279,Perished (HP:0),8.0,0.0001,0.002,256
32,13:37:18,57.15,743,Perished (HP:0),8.0,0.0001,0.002,256
33,13:37:20,50.75,321,Perished (HP:-1),8.0,0.0001,0.002,256
34,13:37:35,87.30,1159,Perished (HP:-1),8.0,0.0001,0.002,256
35,13:37:39,80.70,528,Perished (HP:-8),8.0,0.0001,0.002,256
36,13:37:42,41.55,426,Perished (HP:-1),8.0,0.0001,0.002,256
37,13:37:46,56.45,535,Perished (HP:-1),8.0,0.0001,0.002,256
38,13:38:09,89.60,1471,Perished (HP:0),8.0,0.0001,0.002,256
39,13:38:17,81.05,819,Perished (HP:0),8.0,0.0001,0.002,256
40,13:38:56,151.15,1730,Perished (HP:0),8.0,0.0001,0.002,256
41,13:38:58,36.35,298,Perished (HP:0),8.0,0.0001,0.002,256
42,13:39:13,111.35,1158,Perished (HP:0),8.0,0.0001,0.002,256
43,13:39:27,94.45,1111,Perished (HP:0),8.0,0.0001,0.002,256
44,13:39:35,93.90,784,Perished (HP:0),8.0,0.0001,0.002,256
45,13:39:42,49.45,700,Perished (HP:-2),8.0,0.0001,0.002,256
46,13:39:47,41.55,614,Perished (HP:-3),8.0,0.0001,0.002,256
47,13:41:00,280.55,1963,Perished (HP:-10),8.0,0.0001,0.002,256
48,13:41:31,103.90,1436,Perished (HP:-3),8.0,0.0001,0.002,256
49,13:41:37,52.90,547,Perished (HP:-2),8.0,0.0001,0.002,256
50,13:41:58,85.05,1259,Perished (HP:-1),8.0,0.0001,0.002,256
51,13:43:06,195.95,2000,Max Ticks (2000),8.0,0.0001,0.002,256
52,13:43:26,53.60,1249,Perished (HP:-1),8.0,0.0001,0.002,256
53,13:43:55,84.65,1277,Perished (HP:-1),8.0,0.0001,0.002,256
54,13:44:08,34.15,900,Perished (HP:-10),8.0,0.0001,0.002,256
55,13:44:16,9.30,790,Perished (HP:-1),8.0,0.0001,0.002,256
56,13:44:32,30.30,1143,Perished (HP:-2),8.0,0.0001,0.002,256
57,13:44:54,101.70,1228,Perished (HP:0),8.0,0.0001,0.002,256
58,13:45:04,73.25,759,Perished (HP:-1),8.0,0.0001,0.002,256
59,13:45:08,37.95,507,Perished (HP:0),8.0,0.0001,0.002,256
60,13:45:12,35.65,385,Perished (HP:-2),8.0,0.0001,0.002,256
1,13:53:41,3.85,500,Max Ticks (500),10.0,0.0001,0.002,256
2,13:53:44,9.85,500,Max Ticks (500),10.0,0.0001,0.002,256
3,13:53:49,41.85,500,Max Ticks (500),10.0,0.0001,0.002,256
4,13:53:54,17.75,500,Max Ticks (500),10.0,0.0001,0.002,256
5,13:54:00,46.50,500,Max Ticks (500),10.0,0.0001,0.002,256
6,13:54:02,4.20,401,Perished (HP:0),10.0,0.0001,0.002,256
7,13:54:05,11.45,432,Perished (HP:0),10.0,0.0001,0.002,256
8,13:54:08,43.60,500,Max Ticks (500),10.0,0.0001,0.002,256
9,13:54:10,12.70,345,Perished (HP:-1),10.0,0.0001,0.002,256
10,13:54:13,68.35,500,Max Ticks (500),10.0,0.0001,0.002,256
11,13:54:17,81.00,500,Max Ticks (500),10.0,0.0001,0.002,256
12,13:54:20,68.75,500,Max Ticks (500),10.0,0.0001,0.002,256
13,13:54:22,-12.45,350,Perished (HP:0),10.0,0.0001,0.002,256
14,13:54:25,20.45,392,Perished (HP:0),10.0,0.0001,0.002,256
15,13:54:33,39.30,500,Max Ticks (500),10.0,0.0001,0.002,256
16,13:54:43,59.75,500,Max Ticks (500),10.0,0.0001,0.002,256
17,13:54:52,49.95,500,Max Ticks (500),10.0,0.0001,0.002,256
18,13:55:01,59.15,500,Max Ticks (500),10.0,0.0001,0.002,256
19,13:55:10,76.20,500,Max Ticks (500),10.0,0.0001,0.002,256
20,13:55:19,71.20,500,Max Ticks (500),10.0,0.0001,0.002,256
21,13:55:28,80.15,500,Max Ticks (500),10.0,0.0001,0.002,256
22,13:55:37,82.80,500,Max Ticks (500),10.0,0.0001,0.002,256
23,13:55:45,42.45,500,Max Ticks (500),10.0,0.0001,0.002,256
24,13:55:52,33.05,349,Perished (HP:-8),10.0,0.0001,0.002,256
25,13:56:01,67.90,500,Max Ticks (500),10.0,0.0001,0.002,256
26,13:56:10,64.80,500,Max Ticks (500),10.0,0.0001,0.002,256
27,13:56:19,70.50,500,Max Ticks (500),10.0,0.0001,0.002,256
28,13:56:28,74.80,500,Max Ticks (500),10.0,0.0001,0.002,256
29,13:56:37,42.05,500,Max Ticks (500),10.0,0.0001,0.002,256
30,13:56:46,62.80,500,Max Ticks (500),10.0,0.0001,0.002,256
31,13:56:54,41.00,500,Max Ticks (500),10.0,0.0001,0.002,256
32,13:57:04,66.35,500,Max Ticks (500),10.0,0.0001,0.002,256
33,13:57:13,65.65,500,Max Ticks (500),10.0,0.0001,0.002,256
34,13:57:22,39.40,500,Max Ticks (500),10.0,0.0001,0.002,256
35,13:57:31,42.95,500,Max Ticks (500),10.0,0.0001,0.002,256
36,13:57:37,28.55,375,Perished (HP:-9),10.0,0.0001,0.002,256
37,13:57:46,76.85,500,Max Ticks (500),10.0,0.0001,0.002,256
38,13:57:52,89.00,500,Max Ticks (500),10.0,0.0001,0.002,256
39,13:57:56,43.75,500,Max Ticks (500),10.0,0.0001,0.002,256
40,13:58:00,16.00,218,Perished (HP:-11),10.0,0.0001,0.002,256
41,13:58:09,59.75,500,Max Ticks (500),10.0,0.0001,0.002,256
42,13:58:18,63.65,500,Max Ticks (500),10.0,0.0001,0.002,256
43,13:58:27,42.95,500,Max Ticks (500),10.0,0.0001,0.002,256
44,13:58:36,64.75,500,Max Ticks (500),10.0,0.0001,0.002,256
45,13:58:45,40.50,500,Max Ticks (500),10.0,0.0001,0.002,256
46,13:58:54,47.35,500,Max Ticks (500),10.0,0.0001,0.002,256
47,13:59:03,72.90,500,Max Ticks (500),10.0,0.0001,0.002,256
48,13:59:12,79.70,500,Max Ticks (500),10.0,0.0001,0.002,256
49,13:59:21,43.25,500,Max Ticks (500),10.0,0.0001,0.002,256
50,13:59:29,32.05,500,Max Ticks (500),10.0,0.0001,0.002,256
51,13:59:38,34.95,500,Max Ticks (500),10.0,0.0001,0.002,256
52,13:59:47,35.95,500,Max Ticks (500),10.0,0.0001,0.002,256
53,13:59:56,44.90,500,Max Ticks (500),10.0,0.0001,0.002,256
54,14:00:07,29.05,500,Max Ticks (500),10.0,0.0001,0.002,256
55,14:00:16,46.75,500,Max Ticks (500),10.0,0.0001,0.002,256
56,14:00:25,54.65,500,Max Ticks (500),10.0,0.0001,0.002,256
57,14:00:31,31.15,335,Perished (HP:-9),10.0,0.0001,0.002,256
58,14:00:41,36.30,500,Max Ticks (500),10.0,0.0001,0.002,256
59,14:00:50,50.60,500,Max Ticks (500),10.0,0.0001,0.002,256
60,14:00:53,27.00,158,Perished (HP:0),10.0,0.0001,0.002,256
